{
	"easycom": {
		"^u-(.*)": "uview-ui/components/u-$1/u-$1.vue"
	},
	"pages": [
		// {
		// 	"path": "pages/list/list",
		// 	"style": {
		// 		// #ifndef APP-PLUS
		// 		"enablePullDownRefresh": true,
		// 		// #endif
		// 		"navigationStyle": "custom"
		// 	}
		// },
		// {
		// 	"path": "pages/grid/grid",
		// 	"style": {
		// 		//#ifndef MP
		// 		"navigationStyle": "custom"
		// 		//#endif
		// 	}
		// }, {
		// 	"path": "pages/list/search/search",
		// 	"style": {
		// 		"navigationBarTitleText": "搜索"
		// 	}
		// },
		{
			"path": "pages/home/home",
			"style": {
				"navigationBarTitleText": "",
				"enablePullDownRefresh": false,
				"navigationStyle": "custom"
			}
		},
		{
			"path": "pages/list/detail",
			"style": {
				"app-plus": {
					"titleNView": {
						"buttons": [{
							"type": "share"
						}],
						"type": "transparent"
					}
				},
				"h5": {
					"titleNView": {
						"type": "transparent"
					}
				},
				"navigationBarTitleText": "文章详情"
			}
		},
		{
			"path": "uni_modules/uni-id-pages/pages/login/login-withpwd",
			"style": {
				"navigationStyle": "custom"
			}
		},
		{
			"path": "pages/ucenter/ucenter",
			"style": {
				"navigationStyle": "custom"
			}
		},
		{
			"path": "uni_modules/uni-feedback/pages/opendb-feedback/opendb-feedback",
			"style": {
				"enablePullDownRefresh": false,
				"navigationBarTitleText": "反馈"

			}
		},
		{
			"path": "pages/uni-agree/uni-agree",
			"style": {
				"navigationStyle": "custom",
				"app-plus": {
					"popGesture": "none"
				}
			}
		}, {
			"path": "pages/ucenter/settings/settings",
			"style": {
				"navigationBarTitleText": "设置"
			}
		},
		{
			"path": "pages/ucenter/read-news-log/read-news-log",
			"style": {
				"navigationBarTitleText": "阅读记录",
				"enablePullDownRefresh": true
			}
		}
		// #ifdef APP-PLUS
		, {
			"path": "pages/ucenter/about/about",
			"style": {
				"navigationBarTitleText": "关于",
				"app-plus": {
					"titleNView": {
						"buttons": [{
							"type": "share"
						}]
					}
				}
			}
		},
		{
			"path": "uni_modules/uni-upgrade-center-app/pages/upgrade-popup",
			"style": {
				"disableScroll": true,
				"app-plus": {
					"backgroundColorTop": "transparent",
					"background": "transparent",
					"titleNView": false,
					"scrollIndicator": false,
					"popGesture": "none",
					"animationType": "fade-in",
					"animationDuration": 200

				}
			}
		},
		{
			"path": "pages/ucenter/invite/invite",
			"style": {
				"navigationStyle": "custom",
				"enablePullDownRefresh": false
			}
		},
		{
			"path": "pages/interceptLog/interceptLog",
			"style": {
				"navigationBarTitleText": "识别记录",
				"enablePullDownRefresh": false
			}
		},
		{
			"path": "pages/interceptSet/interceptSet",
			"style": {
				"navigationBarTitleText": "权限管理",
				"enablePullDownRefresh": false
			}
		},
		{
			"path": "pages/tipOff/tipOff",
			"style": {
				"navigationBarTitleText": "投诉举报",
				"enablePullDownRefresh": false
			}
		},
		{
			"path": "pages/whiteList/whiteList",
			"style": {
				"navigationBarTitleText": "白名单",
				"enablePullDownRefresh": false,
				"navigationStyle": "custom",
				"navigationBarTextStyle": "white"
			}
		},
		{
			"path": "pages/blackList/blackList",
			"style": {
				"navigationBarTitleText": "黑名单",
				"enablePullDownRefresh": false,
				"navigationStyle": "custom",
				"navigationBarTextStyle": "white"
			}
		},
		{

			"path": "pages/articles/articles",
			"style": {
				"navigationBarTitleText": "安全专区",
				"enablePullDownRefresh": true
			}
		},
		{
			"path": "pages/msgDetail/msgDetail",
			"style": {
				"navigationBarTitleText": "",
				"enablePullDownRefresh": false
			}
		},
		{
			"path": "pages/editTipOff/editTipOff",
			"style": {
				"navigationBarTitleText": "投诉举报",
				"enablePullDownRefresh": false
			}
		},
		{
			"path": "pages/articleDetail/articleDetail",
			"style": {
				"navigationBarTitleText": "",
				"enablePullDownRefresh": false
			}
		}

		// #endif
	],
	"subPackages": [{
			"root": "uni_modules/uni-feedback",
			"pages": [{
				"path": "pages/opendb-feedback/opendb-feedback",
				"style": {
					"navigationBarTitleText": "意见反馈",
					"enablePullDownRefresh": false
				}
			}]
		},
		{
			"root": "uni_modules/uni-id-pages/pages",
			"pages": [{
					"path": "userinfo/userinfo",
					"style": {
						"navigationBarTitleText": "个人资料"
					}
				},
				{
					"path": "userinfo/realname-verify/realname-verify",
					"style": {
						"enablePullDownRefresh": false,
						"navigationBarTitleText": "实名认证"
					}
				},
				{
					"path": "login/login-withoutpwd"
				},
				{
					"path": "login/login-withpwd",
					"navigationBarTitleText": "密码登录",
					"navigationStyle": "custom"
				},
				{
					"path": "userinfo/deactivate/deactivate",
					"style": {
						"navigationBarTitleText": "注销账号"
					}
				},
				{
					"path": "userinfo/bind-mobile/bind-mobile",
					"style": {
						"navigationBarTitleText": "绑定手机号码"
					}
				},
				{
					"path": "login/login-smscode",
					"style": {
						"navigationBarTitleText": "手机验证码登录"
					}
				},
				{
					"path": "register/register",
					"style": {
						"navigationBarTitleText": "注册"
					}
				},
				{
					"path": "retrieve/retrieve",
					"style": {
						"navigationBarTitleText": "重置密码"
					}
				}, {
					"path": "common/webview/webview",
					"style": {
						"enablePullDownRefresh": false,
						"navigationBarTitleText": ""
					}
				}, {
					"path": "userinfo/change_pwd/change_pwd",
					"style": {
						"enablePullDownRefresh": false,
						"navigationBarTitleText": "修改密码"
					}
				}, {
					"path": "register/register-by-email",
					"style": {
						"navigationBarTitleText": "邮箱验证码注册"
					}
				}, {
					"path": "retrieve/retrieve-by-email",
					"style": {
						"navigationBarTitleText": "通过邮箱重置密码"
					}
				},
				{
					"path": "userinfo/set-pwd/set-pwd",
					"style": {
						"enablePullDownRefresh": false,
						"navigationBarTitleText": "设置密码"
					}
				}
				// #ifdef H5
				,
				{
					"path": "userinfo/cropImage/cropImage"
				},
				{
					"path": "register/register-admin",
					"style": {
						"enablePullDownRefresh": false,
						"navigationBarTitleText": "注册管理员账号"
					}
				}
				// #endif
			]
		}
	],
	"globalStyle": {
		// #ifdef H5
		"h5": {
			"titleNView": true
		},
		// #endif
		"navigationBarTextStyle": "white",
		"navigationBarTitleText": "防诈宝",
		"navigationBarBackgroundColor": "#00B8F9",
		"backgroundColor": "#F8F8F8",
		"enablePullDownRefresh": false,
		// "maxWidth":375,
		"rpxCalcMaxDeviceWidth": 375,
		"rpxCalcBaseDeviceWidth": 375
		// "rpxCalcIncludeWidth":0
	},
	"condition": {
		"list": [{
				"path": "uni_modules/uni-id-pages/pages/login/login-withpwd"
			},
			{
				"path": "pages/home/home"
			},
			{
				"path": "pages/ucenter/settings/settings"
			}
		],
		"current": 0
	},
	"tabBar": {
		"color": "#7A7E83",
		"selectedColor": "#007AFF",
		"borderStyle": "black",
		"backgroundColor": "#FFFFFF",
		"list": [{
			"pagePath": "pages/home/home",
			"iconPath": "static/tabbar/list.png",
			"selectedIconPath": "static/tabbar/list_active.png",
			"text": "首页"
		}, {
			"pagePath": "pages/ucenter/ucenter",
			"iconPath": "static/tabbar/me.png",
			"selectedIconPath": "static/tabbar/me_active.png",
			"text": "我的"
		}]
	},
	"uniIdRouter": {
		"loginPage": "uni_modules/uni-id-pages/pages/login/login-withoutpwd",
		"needLogin": [
			"/uni_modules/uni-id-pages/pages/userinfo/userinfo",
			"/uni_modules/uni-feedback/pages/opendb-feedback/opendb-feedback",
			"/pages/ucenter/read-news-log/read-news-log"
		],
		"resToLogin": true
	}
}